"x","y","xend","yend","arrow_color","transfer_id"
-0.965923872336283,5.75,-0.965923872336283,8.9375,"red",1
-0.821527267402827,5.75,-0.821527267402827,8.9375,"red",2
-0.638721359336121,5.75,-0.638721359336121,9,"red",3
-0.579644673217768,9,-0.579644673217768,8,"red",4
-0.150793047545768,3,-0.150793047545768,1.5,"red",5
